{
  "num_points": 20000,
  "density": 26827.316146823818,
  "spread": 0.34210482239723206,
  "bounding_box": {
    "min": [
      -0.32851916551589966,
      -0.3248392343521118,
      -0.8350254893302917
    ],
    "max": [
      0.5579543709754944,
      0.3863600194454193,
      0.347459614276886
    ]
  },
  "quality_score": 0.8551368741049563
}